{
  "project_info": {
    "project_number": "613891494958",
    "firebase_url": "https://ionicnangular.firebaseio.com",
    "project_id": "ionicnangular",
    "storage_bucket": "ionicnangular.appspot.com"
  },
  "client": [
    {
      "client_info": {
        "mobilesdk_app_id": "1:613891494958:android:eef34918795f2a2f",
        "android_client_info": {
          "package_name": "in.comin.ionic"
        }
      },
      "oauth_client": [
        {
          "client_id": "613891494958-4pbdkoqq626q2dvu3ibvh35pfmlelqfm.apps.googleusercontent.com",
          "client_type": 3
        }
      ],
      "api_key": [
        {
          "current_key": "AIzaSyDOD8fbvDjqqqGg1LCjZNTWL3XYLvkfeZA"
        }
      ],
      "services": {
        "appinvite_service": {
          "other_platform_oauth_client": [
            {
              "client_id": "613891494958-4pbdkoqq626q2dvu3ibvh35pfmlelqfm.apps.googleusercontent.com",
              "client_type": 3
            }
          ]
        }
      }
    }
  ],
  "configuration_version": "1"
}